Offender_ID,Demographic
9000,Unknown
9001,Unknown
9002,Unknown
9003,Unknown
9004,Unknown
9005,Unknown
9006,Unknown
9007,Unknown
9008,Unknown
9009,Unknown
9010,Unknown
9011,Unknown
9012,Unknown
9013,Unknown
9014,Unknown
9015,Unknown
9016,Unknown
9017,Unknown
9018,Unknown
9019,Unknown
9020,Unknown
9021,Unknown
9022,Unknown
9023,Unknown
9024,Unknown
9025,Unknown
9026,Unknown
9027,Unknown
9028,Unknown
9029,Unknown
9030,Unknown
9031,Unknown
9032,Unknown
9033,Unknown
9034,Unknown
9035,Unknown
9036,Unknown
9037,Unknown
9038,Unknown
9039,Unknown
9040,Unknown
9041,Unknown
9042,Unknown
9043,Unknown
9044,Unknown
9045,Unknown
9046,Unknown
9047,Unknown
9048,Unknown
9049,Unknown
9050,Unknown
9051,Unknown
9052,Unknown
9053,Unknown
9054,Unknown
9055,Unknown
9056,Unknown
9057,Unknown
9058,Unknown
9059,Unknown
9060,Unknown
9061,Unknown
9062,Unknown
9063,Unknown
9064,Unknown
9065,Unknown
9066,Unknown
9067,Unknown
9068,Unknown
9069,Unknown
9070,Unknown
9071,Unknown
9072,Unknown
9073,Unknown
9074,Unknown
9075,Unknown
9076,Unknown
9077,Unknown
9078,Unknown
9079,Unknown
9080,Unknown
9081,Unknown
9082,Unknown
9083,Unknown
9084,Unknown
9085,Unknown
9086,Unknown
9087,Unknown
9088,Unknown
9089,Unknown
9090,Unknown
9091,Unknown
9092,Unknown
9093,Unknown
9094,Unknown
9095,Unknown
9096,Unknown
9097,Unknown
9098,Unknown
9099,Unknown
9100,Unknown
9101,Unknown
9102,Unknown
9103,Unknown
9104,Unknown
9105,Unknown
9106,Unknown
9107,Unknown
9108,Unknown
9109,Unknown
9110,Unknown
9111,Unknown
9112,Unknown
9113,Unknown
9114,Unknown
9115,Unknown
9116,Unknown
9117,Unknown
9118,Unknown
9119,Unknown
9120,Unknown
9121,Unknown
9122,Unknown
9123,Unknown
9124,Unknown
9125,Unknown
9126,Unknown
9127,Unknown
9128,Unknown
9129,Unknown
9130,Unknown
9131,Unknown
9132,Unknown
9133,Unknown
9134,Unknown
9135,Unknown
9136,Unknown
9137,Unknown
9138,Unknown
9139,Unknown
9140,Unknown
9141,Unknown
9142,Unknown
9143,Unknown
9144,Unknown
9145,Unknown
9146,Unknown
9147,Unknown
9148,Unknown
9149,Unknown
9150,Unknown
9151,Unknown
9152,Unknown
9153,Unknown
9154,Unknown
9155,Unknown
9156,Unknown
9157,Unknown
9158,Unknown
9159,Unknown
9160,Unknown
9161,Unknown
9162,Unknown
9163,Unknown
9164,Unknown
9165,Unknown
9166,Unknown
9167,Unknown
9168,Unknown
9169,Unknown
9170,Unknown
9171,Unknown
9172,Unknown
9173,Unknown
9174,Unknown
9175,Unknown
9176,Unknown
9177,Unknown
9178,Unknown
9179,Unknown
9180,Unknown
9181,Unknown
9182,Unknown
9183,Unknown
9184,Unknown
9185,Unknown
9186,Unknown
9187,Unknown
9188,Unknown
9189,Unknown
9190,Unknown
9191,Unknown
9192,Unknown
9193,Unknown
9194,Unknown
9195,Unknown
9196,Unknown
9197,Unknown
9198,Unknown
9199,Unknown
9200,Unknown
9201,Unknown
9202,Unknown
9203,Unknown
9204,Unknown
9205,Unknown
9206,Unknown
9207,Unknown
9208,Unknown
9209,Unknown
9210,Unknown
9211,Unknown
9212,Unknown
9213,Unknown
9214,Unknown
9215,Unknown
9216,Unknown
9217,Unknown
9218,Unknown
9219,Unknown
9220,Unknown
9221,Unknown
9222,Unknown
9223,Unknown
9224,Unknown
9225,Unknown
9226,Unknown
9227,Unknown
9228,Unknown
9229,Unknown
9230,Unknown
9231,Unknown
9232,Unknown
9233,Unknown
9234,Unknown
9235,Unknown
9236,Unknown
9237,Unknown
9238,Unknown
9239,Unknown
9240,Unknown
9241,Unknown
9242,Unknown
9243,Unknown
9244,Unknown
9245,Unknown
9246,Unknown
9247,Unknown
9248,Unknown
9249,Unknown
9250,Unknown
9251,Unknown
9252,Unknown
9253,Unknown
9254,Unknown
9255,Unknown
9256,Unknown
9257,Unknown
9258,Unknown
9259,Unknown
9260,Unknown
9261,Unknown
9262,Unknown
9263,Unknown
9264,Unknown
9265,Unknown
9266,Unknown
9267,Unknown
9268,Unknown
9269,Unknown
9270,Unknown
9271,Unknown
9272,Unknown
9273,Unknown
9274,Unknown
9275,Unknown
9276,Unknown
9277,Unknown
9278,Unknown
9279,Unknown
9280,Unknown
9281,Unknown
9282,Unknown
9283,Unknown
9284,Unknown
9285,Unknown
9286,Unknown
9287,Unknown
9288,Unknown
9289,Unknown
9290,Unknown
9291,Unknown
9292,Unknown
9293,Unknown
9294,Unknown
9295,Unknown
9296,Unknown
9297,Unknown
9298,Unknown
9299,Unknown
9300,Unknown
9301,Unknown
9302,Unknown
9303,Unknown
9304,Unknown
9305,Unknown
9306,Unknown
9307,Unknown
9308,Unknown
9309,Unknown
9310,Unknown
9311,Unknown
9312,Unknown
9313,Unknown
9314,Unknown
9315,Unknown
9316,Unknown
9317,Unknown
9318,Unknown
9319,Unknown
9320,Unknown
9321,Unknown
9322,Unknown
9323,Unknown
